'sample interval','ECG '
'0.00333333 sec','mV'
0,-0.210
1,-0.244
2,-0.282
3,-0.315
4,-0.335
5,-0.350
6,-0.355
7,-0.349
8,-0.337
9,-0.323
10,-0.306
11,-0.292
12,-0.277
13,-0.263
14,-0.245
15,-0.233
16,-0.223
17,-0.216
18,-0.212
19,-0.212
20,-0.218
21,-0.228
22,-0.238
23,-0.246
24,-0.254
25,-0.261
26,-0.269
27,-0.275
28,-0.281
29,-0.287
30,-0.292
31,-0.298
32,-0.304
33,-0.309
34,-0.314
35,-0.322
36,-0.330
37,-0.338
38,-0.345
39,-0.352
40,-0.359
41,-0.367
42,-0.375
43,-0.381
44,-0.387
45,-0.396
46,-0.410
47,-0.432
48,-0.453
49,-0.472
50,-0.489
51,-0.491
52,-0.483
53,-0.460
54,-0.390
55,-0.297
56,-0.192
57,-0.098
58,-0.042
59,-0.039
60,-0.077
61,-0.175
62,-0.318
63,-0.502
64,-0.711
65,-0.922
66,-1.111
67,-1.263
68,-1.356
69,-1.387
70,-1.380
71,-1.359
72,-1.304
73,-1.249
74,-1.201
75,-1.151
76,-1.120
77,-1.093
78,-1.074
79,-1.058
80,-1.045
81,-1.034
82,-1.023
83,-1.012
84,-0.996
85,-0.969
86,-0.937
87,-0.903
88,-0.864
89,-0.832
90,-0.787
91,-0.744
92,-0.700
93,-0.654
94,-0.601
95,-0.550
96,-0.502
97,-0.452
98,-0.421
99,-0.387
100,-0.357
101,-0.339
102,-0.328
103,-0.321
104,-0.322
105,-0.331
106,-0.343
107,-0.354
108,-0.363
109,-0.373
110,-0.382
111,-0.389
112,-0.396
113,-0.405
114,-0.416
115,-0.426
116,-0.435
117,-0.441
118,-0.445
119,-0.449
120,-0.451
121,-0.450
122,-0.446
123,-0.439
124,-0.430
125,-0.419
126,-0.403
127,-0.395
128,-0.391
129,-0.385
130,-0.380
131,-0.398
132,-0.418
133,-0.433
134,-0.446
135,-0.458
136,-0.471
137,-0.483
138,-0.496
139,-0.510
140,-0.525
141,-0.539
142,-0.552
143,-0.563
144,-0.582
145,-0.608
146,-0.636
147,-0.663
148,-0.686
149,-0.701
150,-0.711
151,-0.717
152,-0.722
153,-0.726
154,-0.728
155,-0.725
156,-0.717
157,-0.706
158,-0.687
159,-0.658
160,-0.631
161,-0.602
162,-0.568
163,-0.535
164,-0.502
165,-0.470
166,-0.417
167,-0.370
168,-0.323
169,-0.296
170,-0.247
171,-0.185
172,-0.113
173,-0.038
174,0.036
175,0.111
176,0.187
177,0.264
178,0.349
179,0.447
180,0.544
181,0.630
182,0.703
183,0.767
184,0.833
185,0.906
186,0.978
187,1.037
188,1.066
189,1.081
190,1.091
191,1.097
192,1.099
193,1.097
194,1.092
195,1.083
196,1.069
197,1.043
198,1.020
199,1.003
200,0.982
201,0.960
202,0.939
203,0.917
204,0.889
205,0.852
206,0.813
207,0.779
208,0.747
209,0.721
210,0.699
211,0.676
212,0.651
213,0.623
214,0.596
215,0.578
216,0.564
217,0.553
218,0.543
219,0.535
220,0.529
221,0.523
222,0.516
223,0.517
224,0.533
225,0.558
226,0.583
227,0.593
228,0.600
229,0.603
230,0.604
231,0.602
232,0.595
233,0.584
234,0.564
235,0.532
236,0.513
237,0.502
238,0.494
239,0.495
240,0.505
241,0.520
242,0.545
243,0.577
244,0.622
245,0.685
246,0.763
247,0.846
248,0.918
249,0.951
250,0.964
251,0.964
252,0.947
253,0.902
254,0.857
255,0.810
256,0.747
257,0.651
258,0.520
259,0.369
260,0.203
261,0.024
262,-0.158
263,-0.339
264,-0.505
265,-0.647
266,-0.757
267,-0.804
268,-0.802
269,-0.742
270,-0.647
271,-0.561
272,-0.520
273,-0.507
274,-0.537
275,-0.630
276,-0.782
277,-0.954
278,-1.124
279,-1.279
280,-1.400
281,-1.434
282,-1.425
283,-1.347
284,-1.234
285,-1.109
286,-0.992
287,-0.901
288,-0.862
289,-0.849
290,-0.863
291,-0.904
292,-0.974
293,-1.066
294,-1.149
295,-1.176
296,-1.185
297,-1.170
298,-1.124
299,-1.071
300,-1.020
301,-0.991
302,-0.941
303,-0.890
304,-0.834
305,-0.805
306,-0.783
307,-0.766
308,-0.742
309,-0.721
310,-0.704
311,-0.689
312,-0.677
313,-0.658
314,-0.627
315,-0.591
316,-0.556
317,-0.519
318,-0.489
319,-0.473
320,-0.462
321,-0.458
322,-0.462
323,-0.474
324,-0.508
325,-0.548
326,-0.563
327,-0.563
328,-0.548
329,-0.505
330,-0.423
331,-0.310
332,-0.163
333,0.005
334,0.184
335,0.375
336,0.573
337,0.769
338,0.952
339,1.117
340,1.272
341,1.411
342,1.528
343,1.627
344,1.717
345,1.795
346,1.858
347,1.901
348,1.927
349,1.974
350,2.076
351,2.241
352,2.485
353,2.785
354,3.053
355,3.191
356,3.198
357,3.093
358,2.780
359,2.301
360,1.666
361,0.891
362,0.021
363,-0.890
364,-1.766
365,-2.514
366,-3.097
367,-3.530
368,-3.839
369,-4.023
370,-4.091
371,-4.114
372,-4.086
373,-4.003
374,-3.826
375,-3.589
376,-3.327
377,-3.047
378,-2.753
379,-2.477
380,-2.222
381,-1.972
382,-1.738
383,-1.531
384,-1.386
385,-1.304
386,-1.239
387,-1.169
388,-1.098
389,-1.023
390,-0.946
391,-0.872
392,-0.808
393,-0.738
394,-0.637
395,-0.500
396,-0.319
397,-0.129
398,0.045
399,0.220
400,0.388
401,0.542
402,0.680
403,0.811
404,0.932
405,1.028
406,1.100
407,1.157
408,1.206
409,1.236
410,1.291
411,1.349
412,1.406
413,1.449
414,1.464
415,1.470
416,1.470
417,1.462
418,1.450
419,1.431
420,1.401
421,1.349
422,1.280
423,1.218
424,1.193
425,1.181
426,1.172
427,1.169
428,1.173
429,1.186
430,1.204
431,1.236
432,1.274
433,1.307
434,1.329
435,1.348
436,1.370
437,1.399
438,1.434
439,1.468
440,1.502
441,1.535
442,1.567
443,1.599
444,1.625
445,1.642
446,1.653
447,1.651
448,1.634
449,1.611
450,1.585
451,1.546
452,1.504
453,1.457
454,1.422
455,1.399
456,1.388
457,1.380
458,1.375
459,1.370
460,1.366
461,1.362
462,1.359
463,1.356
464,1.352
465,1.347
466,1.339
467,1.324
468,1.310
469,1.291
470,1.263
471,1.239
472,1.224
473,1.212
474,1.202
475,1.186
476,1.163
477,1.138
478,1.120
479,1.107
480,1.098
481,1.117
482,1.175
483,1.249
484,1.339
485,1.430
486,1.511
487,1.566
488,1.570
489,1.539
490,1.436
491,1.287
492,1.109
493,0.919
494,0.748
495,0.613
496,0.515
497,0.482
498,0.471
499,0.493
500,0.562
501,0.639
502,0.711
503,0.769
504,0.801
505,0.814
506,0.820
507,0.824
508,0.827
509,0.831
510,0.833
511,0.835
512,0.838
513,0.842
514,0.845
515,0.849
516,0.852
517,0.855
518,0.859
519,0.863
520,0.870
521,0.882
522,0.891
523,0.895
524,0.897
525,0.900
526,0.902
527,0.905
528,0.906
529,0.907
530,0.906
531,0.904
532,0.900
533,0.894
534,0.887
535,0.878
536,0.864
537,0.851
538,0.839
539,0.818
540,0.793
541,0.772
542,0.749
543,0.726
544,0.701
545,0.681
546,0.669
547,0.657
548,0.644
549,0.624
550,0.596
551,0.573
552,0.555
553,0.538
554,0.527
555,0.518
556,0.511
557,0.508
558,0.509
559,0.511
560,0.515
561,0.519
562,0.524
563,0.509
564,0.483
565,0.453
566,0.422
567,0.395
568,0.352
569,0.297
570,0.233
571,0.169
572,0.109
573,0.053
574,-0.009
575,-0.081
576,-0.158
577,-0.236
578,-0.306
579,-0.365
580,-0.413
581,-0.458
582,-0.508
583,-0.563
584,-0.613
585,-0.656
586,-0.698
587,-0.743
588,-0.789
589,-0.842
590,-0.900
591,-0.959
592,-1.012
593,-1.062
594,-1.089
595,-1.133
596,-1.179
597,-1.229
598,-1.260
599,-1.294
600,-1.328
601,-1.354
602,-1.374
603,-1.397
604,-1.409
605,-1.417
606,-1.423
607,-1.428
608,-1.431
609,-1.431
610,-1.430
611,-1.427
612,-1.423
613,-1.419
614,-1.415
615,-1.411
616,-1.406
617,-1.401
618,-1.397
619,-1.394
620,-1.393
621,-1.395
622,-1.398
623,-1.404
624,-1.411
625,-1.419
626,-1.432
627,-1.446
628,-1.459
629,-1.480
630,-1.507
631,-1.532
632,-1.558
633,-1.575
634,-1.586
635,-1.592
636,-1.595
637,-1.596
638,-1.599
639,-1.601
640,-1.602
641,-1.596
642,-1.582
643,-1.571
644,-1.561
645,-1.551
646,-1.541
647,-1.528
648,-1.514
649,-1.498
650,-1.484
651,-1.473
652,-1.463
653,-1.453
654,-1.440
655,-1.424
656,-1.414
657,-1.407
658,-1.401
659,-1.396
660,-1.392
661,-1.388
662,-1.383
663,-1.380
664,-1.377
665,-1.373
666,-1.369
667,-1.362
668,-1.352
669,-1.341
670,-1.327
671,-1.314
672,-1.303
673,-1.292
674,-1.283
675,-1.274
676,-1.264
677,-1.255
678,-1.246
679,-1.235
680,-1.224
681,-1.215
682,-1.205
683,-1.197
684,-1.192
685,-1.188
686,-1.185
687,-1.181
688,-1.179
689,-1.176
690,-1.172
691,-1.166
692,-1.160
693,-1.148
694,-1.109
695,-1.038
696,-0.937
697,-0.808
698,-0.664
699,-0.524
700,-0.420
701,-0.406
702,-0.438
703,-0.604
704,-0.849
705,-1.131
706,-1.406
707,-1.621
708,-1.723
709,-1.731
710,-1.667
711,-1.533
712,-1.382
713,-1.241
714,-1.119
715,-1.018
716,-0.935
717,-0.879
718,-0.852
719,-0.836
720,-0.825
721,-0.815
722,-0.802
723,-0.782
724,-0.751
725,-0.725
726,-0.706
727,-0.692
728,-0.680
729,-0.670
730,-0.659
731,-0.647
732,-0.632
733,-0.615
734,-0.597
735,-0.573
736,-0.544
737,-0.521
738,-0.504
739,-0.490
740,-0.471
741,-0.445
742,-0.423
743,-0.407
744,-0.390
745,-0.367
746,-0.342
747,-0.303
748,-0.255
749,-0.231
750,-0.214
751,-0.201
752,-0.186
753,-0.147
754,-0.075
755,0.015
756,0.108
757,0.196
758,0.282
759,0.375
760,0.482
761,0.588
762,0.674
763,0.731
764,0.753
765,0.773
766,0.783
767,0.790
768,0.795
769,0.800
770,0.803
771,0.804
772,0.804
773,0.803
774,0.800
775,0.796
776,0.791
777,0.787
778,0.779
779,0.764
780,0.744
781,0.722
782,0.703
783,0.691
784,0.683
785,0.678
786,0.673
787,0.669
788,0.664
789,0.660
790,0.654
791,0.647
792,0.631
793,0.604
794,0.579
795,0.552
796,0.523
797,0.497
798,0.479
799,0.464
800,0.450
801,0.431
802,0.406
803,0.386
804,0.374
805,0.361
806,0.350
807,0.331
808,0.303
809,0.276
810,0.258
811,0.245
812,0.240
813,0.236
814,0.233
815,0.230
816,0.227
817,0.226
818,0.224
819,0.224
820,0.223
821,0.223
822,0.223
823,0.224
824,0.226
825,0.228
826,0.229
827,0.231
828,0.231
829,0.232
830,0.232
831,0.245
832,0.244
833,0.243
834,0.244
835,0.247
836,0.246
837,0.232
838,0.216
839,0.203
840,0.197
841,0.193
842,0.189
843,0.184
844,0.181
845,0.185
846,0.186
847,0.174
848,0.152
849,0.131
850,0.109
851,0.084
852,0.062
853,0.045
854,0.031
855,0.018
856,0.002
857,-0.011
858,-0.027
859,-0.038
860,-0.047
861,-0.054
862,-0.055
863,-0.052
864,-0.050
865,-0.050
866,-0.047
867,-0.039
868,-0.021
869,0.003
870,0.025
871,0.039
872,0.055
873,0.070
874,0.079
875,0.075
876,0.062
877,0.046
878,0.029
879,0.011
880,-0.002
881,-0.013
882,-0.020
883,-0.028
884,-0.029
885,-0.024
886,-0.022
887,-0.019
888,-0.009
889,0.002
890,0.014
891,0.023
892,0.028
893,0.034
894,0.040
895,0.039
896,0.035
897,0.033
898,0.030
899,0.024
900,0.015
901,0.007
902,0.004
903,-0.003
904,-0.026
905,-0.043
906,-0.048
907,-0.026
908,0.039
909,0.139
910,0.266
911,0.395
912,0.517
913,0.595
914,0.618
915,0.569
916,0.434
917,0.227
918,-0.017
919,-0.261
920,-0.470
921,-0.619
922,-0.672
923,-0.667
924,-0.608
925,-0.513
926,-0.391
927,-0.267
928,-0.168
929,-0.097
930,-0.052
931,-0.047
932,-0.049
933,-0.046
934,-0.045
935,-0.047
936,-0.047
937,-0.040
938,-0.039
939,-0.039
940,-0.034
941,-0.026
942,-0.023
943,-0.022
944,-0.021
945,-0.015
946,-0.007
947,0.000
948,0.004
949,0.011
950,0.019
951,0.024
952,0.029
953,0.032
954,0.033
955,0.037
956,0.042
957,0.043
958,0.041
959,0.048
960,0.060
961,0.072
962,0.083
963,0.093
964,0.105
965,0.120
966,0.129
967,0.130
968,0.131
969,0.135
970,0.141
971,0.151
972,0.162
973,0.172
974,0.188
975,0.210
976,0.235
977,0.267
978,0.295
979,0.309
980,0.320
981,0.336
982,0.351
983,0.358
984,0.357
985,0.355
986,0.359
987,0.370
988,0.379
989,0.383
990,0.383
991,0.376
992,0.366
993,0.356
994,0.332
995,0.288
996,0.252
997,0.230
998,0.222
999,0.218
1000,0.206
1001,0.191
1002,0.179
1003,0.174
1004,0.171
1005,0.163
1006,0.151
1007,0.142
1008,0.134
1009,0.132
1010,0.138
1011,0.143
1012,0.142
1013,0.136
1014,0.131
1015,0.129
1016,0.122
1017,0.109
1018,0.089
1019,0.072
1020,0.065
1021,0.066
1022,0.072
1023,0.074
1024,0.073
1025,0.077
1026,0.084
1027,0.088
1028,0.084
1029,0.075
1030,0.072
1031,0.070
1032,0.066
1033,0.063
1034,0.066
1035,0.073
1036,0.068
1037,0.055
1038,0.051
1039,0.054
1040,0.055
1041,0.048
1042,0.028
1043,0.020
1044,0.014
1045,0.003
1046,-0.002
1047,-0.003
1048,-0.001
1049,0.004
1050,0.013
1051,0.024
1052,0.036
1053,0.043
1054,0.042
1055,0.039
1056,0.039
1057,0.040
1058,0.042
1059,0.042
1060,0.040
1061,0.042
1062,0.048
1063,0.054
1064,0.062
1065,0.078
1066,0.095
1067,0.110
1068,0.120
1069,0.128
1070,0.132
1071,0.136
1072,0.141
1073,0.146
1074,0.154
1075,0.164
1076,0.170
1077,0.175
1078,0.183
1079,0.188
1080,0.189
1081,0.188
1082,0.189
1083,0.191
1084,0.195
1085,0.199
1086,0.198
1087,0.197
1088,0.193
1089,0.189
1090,0.183
1091,0.173
1092,0.162
1093,0.152
1094,0.133
1095,0.118
1096,0.107
1097,0.099
1098,0.091
1099,0.076
1100,0.054
1101,0.031
1102,0.011
1103,-0.001
1104,-0.011
1105,-0.020
1106,-0.031
1107,-0.035
1108,-0.030
1109,-0.014
1110,0.004
1111,0.012
1112,0.013
1113,0.010
1114,0.001
1115,-0.009
1116,-0.024
1117,-0.045
1118,-0.070
1119,-0.081
1120,-0.078
1121,-0.052
1122,0.008
1123,0.092
1124,0.203
1125,0.336
1126,0.488
1127,0.628
1128,0.724
1129,0.738
1130,0.674
1131,0.466
1132,0.186
1133,-0.125
1134,-0.412
1135,-0.642
1136,-0.759
1137,-0.770
1138,-0.722
1139,-0.620
1140,-0.507
1141,-0.383
1142,-0.247
1143,-0.129
1144,-0.053
1145,-0.028
1146,-0.014
1147,-0.014
1148,-0.043
1149,-0.074
1150,-0.099
1151,-0.107
1152,-0.112
1153,-0.118
1154,-0.124
1155,-0.124
1156,-0.123
1157,-0.122
1158,-0.120
1159,-0.115
1160,-0.111
1161,-0.107
1162,-0.104
1163,-0.104
1164,-0.107
1165,-0.108
1166,-0.104
1167,-0.093
1168,-0.084
1169,-0.077
1170,-0.069
1171,-0.062
1172,-0.054
1173,-0.049
1174,-0.045
1175,-0.040
1176,-0.033
1177,-0.024
1178,-0.012
1179,-0.002
1180,-0.001
1181,-0.002
1182,0.000
1183,0.007
1184,0.018
1185,0.036
1186,0.058
1187,0.084
1188,0.102
1189,0.112
1190,0.120
1191,0.129
1192,0.139
1193,0.146
1194,0.158
1195,0.174
1196,0.189
1197,0.201
1198,0.207
1199,0.211
1200,0.213
1201,0.213
1202,0.213
1203,0.213
1204,0.214
1205,0.215
1206,0.212
1207,0.204
1208,0.186
1209,0.165
1210,0.153
1211,0.148
1212,0.132
1213,0.100
1214,0.073
1215,0.053
1216,0.037
1217,0.018
1218,-0.007
1219,-0.035
1220,-0.049
1221,-0.052
1222,-0.056
1223,-0.067
1224,-0.081
1225,-0.095
1226,-0.115
1227,-0.133
1228,-0.143
1229,-0.146
1230,-0.143
1231,-0.140
1232,-0.135
1233,-0.126
1234,-0.115
1235,-0.102
1236,-0.091
1237,-0.081
1238,-0.075
1239,-0.070
1240,-0.067
1241,-0.066
1242,-0.067
1243,-0.069
1244,-0.070
1245,-0.070
1246,-0.072
1247,-0.070
1248,-0.065
1249,-0.066
1250,-0.076
1251,-0.088
1252,-0.095
1253,-0.095
1254,-0.096
1255,-0.101
1256,-0.099
1257,-0.090
1258,-0.088
1259,-0.089
1260,-0.090
1261,-0.090
1262,-0.091
1263,-0.091
1264,-0.090
1265,-0.090
1266,-0.090
1267,-0.092
1268,-0.095
1269,-0.094
1270,-0.084
1271,-0.074
1272,-0.069
1273,-0.066
1274,-0.064
1275,-0.061
1276,-0.058
1277,-0.054
1278,-0.050
1279,-0.047
1280,-0.044
1281,-0.041
1282,-0.038
1283,-0.034
1284,-0.031
1285,-0.027
1286,-0.025
1287,-0.021
1288,-0.016
1289,-0.007
1290,0.004
1291,0.015
1292,0.026
1293,0.037
1294,0.048
1295,0.058
1296,0.068
1297,0.077
1298,0.084
1299,0.090
1300,0.094
1301,0.097
1302,0.100
1303,0.104
1304,0.107
1305,0.109
1306,0.111
1307,0.112
1308,0.112
1309,0.111
1310,0.109
1311,0.105
1312,0.101
1313,0.095
1314,0.089
1315,0.083
1316,0.078
1317,0.072
1318,0.067
1319,0.062
1320,0.057
1321,0.051
1322,0.045
1323,0.040
1324,0.035
1325,0.030
1326,0.025
1327,0.017
1328,0.007
1329,-0.011
1330,-0.028
1331,-0.043
1332,-0.059
1333,-0.078
1334,-0.080
1335,-0.068
1336,-0.036
1337,0.040
1338,0.143
1339,0.256
1340,0.368
1341,0.463
1342,0.493
1343,0.482
1344,0.446
1345,0.332
1346,0.173
1347,-0.011
1348,-0.198
1349,-0.363
1350,-0.488
1351,-0.561
1352,-0.585
1353,-0.566
1354,-0.515
1355,-0.419
1356,-0.324
1357,-0.238
1358,-0.162
1359,-0.133
1360,-0.124
1361,-0.120
1362,-0.116
1363,-0.114
1364,-0.112
1365,-0.111
1366,-0.112
1367,-0.113
1368,-0.117
1369,-0.121
1370,-0.126
1371,-0.133
1372,-0.139
1373,-0.145
1374,-0.150
1375,-0.156
1376,-0.163
1377,-0.169
1378,-0.174
1379,-0.177
1380,-0.179
1381,-0.179
1382,-0.177
1383,-0.175
1384,-0.172
1385,-0.168
1386,-0.163
1387,-0.157
1388,-0.152
1389,-0.146
1390,-0.139
1391,-0.132
1392,-0.124
1393,-0.116
1394,-0.107
1395,-0.097
1396,-0.086
1397,-0.071
1398,-0.056
1399,-0.044
1400,-0.033
1401,-0.020
1402,-0.005
1403,0.011
1404,0.028
1405,0.040
1406,0.049
1407,0.056
1408,0.061
1409,0.065
1410,0.069
1411,0.073
1412,0.077
1413,0.081
1414,0.085
1415,0.090
1416,0.096
1417,0.100
1418,0.100
1419,0.096
1420,0.089
1421,0.079
1422,0.067
1423,0.048
1424,0.024
1425,0.007
1426,-0.004
1427,-0.015
1428,-0.027
1429,-0.038
1430,-0.049
1431,-0.059
1432,-0.071
1433,-0.083
1434,-0.093
1435,-0.104
1436,-0.113
1437,-0.118
1438,-0.124
1439,-0.129
1440,-0.134
1441,-0.139
1442,-0.143
1443,-0.145
1444,-0.146
1445,-0.146
1446,-0.146
1447,-0.145
1448,-0.142
1449,-0.138
1450,-0.134
1451,-0.130
1452,-0.126
1453,-0.122
1454,-0.119
1455,-0.115
1456,-0.110
1457,-0.104
1458,-0.099
1459,-0.093
1460,-0.087
1461,-0.081
1462,-0.075
1463,-0.068
1464,-0.062
1465,-0.057
1466,-0.053
1467,-0.050
1468,-0.046
1469,-0.042
1470,-0.037
1471,-0.032
1472,-0.029
1473,-0.026
1474,-0.024
1475,-0.024
1476,-0.024
1477,-0.025
1478,-0.027
1479,-0.032
1480,-0.037
1481,-0.043
1482,-0.050
1483,-0.058
1484,-0.069
1485,-0.081
1486,-0.094
1487,-0.105
1488,-0.117
1489,-0.130
1490,-0.144
1491,-0.155
1492,-0.161
1493,-0.166
1494,-0.170
1495,-0.174
1496,-0.178
1497,-0.179
1498,-0.180
1499,-0.178
1500,-0.173
1501,-0.166
1502,-0.156
1503,-0.139
1504,-0.106
1505,-0.081
1506,-0.066
1507,-0.053
1508,-0.041
1509,-0.033
1510,-0.025
1511,-0.018
1512,-0.014
1513,-0.015
1514,-0.021
1515,-0.031
1516,-0.043
1517,-0.060
1518,-0.086
1519,-0.108
1520,-0.131
1521,-0.155
1522,-0.173
1523,-0.196
1524,-0.228
1525,-0.252
1526,-0.265
1527,-0.275
1528,-0.285
1529,-0.294
1530,-0.301
1531,-0.309
1532,-0.315
1533,-0.318
1534,-0.315
1535,-0.307
1536,-0.297
1537,-0.286
1538,-0.270
1539,-0.258
1540,-0.249
1541,-0.243
1542,-0.238
1543,-0.234
1544,-0.230
1545,-0.225
1546,-0.219
1547,-0.214
1548,-0.206
1549,-0.194
1550,-0.148
1551,-0.068
1552,0.032
1553,0.148
1554,0.271
1555,0.389
1556,0.467
1557,0.469
1558,0.404
1559,0.210
1560,-0.063
1561,-0.372
1562,-0.667
1563,-0.891
1564,-0.995
1565,-1.005
1566,-0.951
1567,-0.814
1568,-0.663
1569,-0.533
1570,-0.437
1571,-0.355
1572,-0.319
1573,-0.303
1574,-0.295
1575,-0.288
1576,-0.279
1577,-0.268
1578,-0.256
1579,-0.232
1580,-0.192
1581,-0.168
1582,-0.155
1583,-0.146
1584,-0.141
1585,-0.142
1586,-0.147
1587,-0.155
1588,-0.162
1589,-0.168
1590,-0.174
1591,-0.180
1592,-0.185
1593,-0.189
1594,-0.190
1595,-0.187
1596,-0.180
1597,-0.172
1598,-0.161
1599,-0.147
1600,-0.121
1601,-0.098
1602,-0.079
1603,-0.063
1604,-0.044
1605,-0.022
1606,-0.006
1607,0.005
1608,0.016
1609,0.026
1610,0.035
1611,0.042
1612,0.050
1613,0.060
1614,0.071
1615,0.083
1616,0.095
1617,0.108
1618,0.123
1619,0.140
1620,0.154
1621,0.167
1622,0.174
1623,0.179
1624,0.184
1625,0.188
1626,0.192
1627,0.195
1628,0.196
1629,0.197
1630,0.198
1631,0.197
1632,0.196
1633,0.195
1634,0.192
1635,0.187
1636,0.181
1637,0.175
1638,0.167
1639,0.150
1640,0.112
1641,0.082
1642,0.059
1643,0.029
1644,0.007
1645,-0.007
1646,-0.020
1647,-0.033
1648,-0.045
1649,-0.056
1650,-0.066
1651,-0.074
1652,-0.083
1653,-0.090
1654,-0.097
1655,-0.104
1656,-0.111
1657,-0.116
1658,-0.120
1659,-0.123
1660,-0.128
1661,-0.132
1662,-0.134
1663,-0.136
1664,-0.134
1665,-0.130
1666,-0.123
1667,-0.116
1668,-0.109
1669,-0.102
1670,-0.097
1671,-0.092
1672,-0.086
1673,-0.081
1674,-0.076
1675,-0.073
1676,-0.069
1677,-0.066
1678,-0.063
1679,-0.061
1680,-0.059
1681,-0.059
1682,-0.059
1683,-0.060
1684,-0.061
1685,-0.062
1686,-0.063
1687,-0.065
1688,-0.068
1689,-0.071
1690,-0.075
1691,-0.078
1692,-0.082
1693,-0.086
1694,-0.090
1695,-0.094
1696,-0.097
1697,-0.100
1698,-0.103
1699,-0.105
1700,-0.107
1701,-0.108
1702,-0.110
1703,-0.111
1704,-0.113
1705,-0.115
1706,-0.116
1707,-0.117
1708,-0.118
1709,-0.117
1710,-0.116
1711,-0.114
1712,-0.111
1713,-0.106
1714,-0.101
1715,-0.095
1716,-0.089
1717,-0.082
1718,-0.075
1719,-0.068
1720,-0.061
1721,-0.050
1722,-0.037
1723,-0.028
1724,-0.024
1725,-0.020
1726,-0.017
1727,-0.014
1728,-0.010
1729,-0.007
1730,-0.004
1731,-0.004
1732,-0.008
1733,-0.018
1734,-0.031
1735,-0.043
1736,-0.052
1737,-0.061
1738,-0.071
1739,-0.081
1740,-0.089
1741,-0.096
1742,-0.102
1743,-0.106
1744,-0.108
1745,-0.111
1746,-0.113
1747,-0.115
1748,-0.118
1749,-0.120
1750,-0.122
1751,-0.124
1752,-0.126
1753,-0.128
1754,-0.129
1755,-0.129
1756,-0.125
1757,-0.118
1758,-0.107
1759,-0.093
1760,-0.076
1761,-0.040
1762,0.025
1763,0.125
1764,0.245
1765,0.367
1766,0.470
1767,0.528
1768,0.548
1769,0.527
1770,0.463
1771,0.343
1772,0.183
1773,0.003
1774,-0.176
1775,-0.332
1776,-0.444
1777,-0.474
1778,-0.484
1779,-0.472
1780,-0.398
1781,-0.307
1782,-0.215
1783,-0.134
1784,-0.061
1785,-0.016
1786,0.021
1787,0.049
1788,0.069
1789,0.078
1790,0.084
1791,0.088
1792,0.092
1793,0.094
1794,0.096
1795,0.097
1796,0.097
1797,0.096
1798,0.094
1799,0.093
1800,0.092
1801,0.090
1802,0.087
1803,0.084
1804,0.080
1805,0.077
1806,0.073
1807,0.070
1808,0.065
1809,0.059
1810,0.053
1811,0.050
1812,0.050
1813,0.055
1814,0.063
1815,0.074
1816,0.086
1817,0.099
1818,0.117
1819,0.135
1820,0.154
1821,0.171
1822,0.182
1823,0.190
1824,0.198
1825,0.205
1826,0.212
1827,0.218
1828,0.225
1829,0.232
1830,0.240
1831,0.248
1832,0.256
1833,0.263
1834,0.270
1835,0.276
1836,0.283
1837,0.290
1838,0.296
1839,0.301
1840,0.305
1841,0.307
1842,0.307
1843,0.306
1844,0.304
1845,0.301
1846,0.296
1847,0.289
1848,0.282
1849,0.274
1850,0.264
1851,0.244
1852,0.223
1853,0.202
1854,0.182
1855,0.164
1856,0.148
1857,0.134
1858,0.120
1859,0.106
1860,0.091
1861,0.080
1862,0.074
1863,0.069
1864,0.066
1865,0.061
1866,0.057
1867,0.053
1868,0.053
1869,0.058
1870,0.064
1871,0.071
1872,0.074
1873,0.077
1874,0.081
1875,0.085
1876,0.090
1877,0.095
1878,0.099
1879,0.101
1880,0.101
1881,0.101
1882,0.100
1883,0.097
1884,0.093
1885,0.088
1886,0.082
1887,0.074
1888,0.068
1889,0.062
1890,0.057
1891,0.050
1892,0.042
1893,0.034
1894,0.027
1895,0.021
1896,0.016
1897,0.011
1898,0.008
1899,0.006
1900,0.003
1901,0.000
1902,0.000
1903,-0.001
1904,-0.003
1905,-0.005
1906,-0.008
1907,-0.012
1908,-0.014
1909,-0.017
1910,-0.019
1911,-0.021
1912,-0.024
1913,-0.027
1914,-0.028
1915,-0.029
1916,-0.028
1917,-0.028
1918,-0.028
1919,-0.027
1920,-0.026
1921,-0.025
1922,-0.023
1923,-0.021
1924,-0.019
1925,-0.017
1926,-0.014
1927,-0.012
1928,-0.009
1929,-0.005
1930,-0.001
1931,0.002
1932,0.008
1933,0.013
1934,0.019
1935,0.024
1936,0.029
1937,0.032
1938,0.033
1939,0.032
1940,0.029
1941,0.023
1942,0.017
1943,0.010
1944,0.003
1945,-0.003
1946,-0.010
1947,-0.017
1948,-0.023
1949,-0.029
1950,-0.035
1951,-0.040
1952,-0.046
1953,-0.051
1954,-0.057
1955,-0.062
1956,-0.066
1957,-0.070
1958,-0.074
1959,-0.078
1960,-0.082
1961,-0.085
1962,-0.088
1963,-0.091
1964,-0.096
1965,-0.105
1966,-0.115
1967,-0.121
1968,-0.122
1969,-0.118
1970,-0.111
1971,-0.100
1972,-0.065
1973,0.004
1974,0.105
1975,0.234
1976,0.380
1977,0.535
1978,0.681
1979,0.779
1980,0.788
1981,0.733
1982,0.543
1983,0.265
1984,-0.045
1985,-0.327
1986,-0.530
1987,-0.594
1988,-0.616
1989,-0.580
1990,-0.473
1991,-0.351
1992,-0.227
1993,-0.120
1994,-0.037
1995,0.009
1996,0.039
1997,0.056
1998,0.070
1999,0.086
2000,0.100
2001,0.114
2002,0.127
2003,0.142
2004,0.158
2005,0.175
2006,0.192
2007,0.209
2008,0.225
2009,0.238
2010,0.249
2011,0.258
2012,0.265
2013,0.272
2014,0.279
2015,0.288
2016,0.298
2017,0.309
2018,0.322
2019,0.337
2020,0.359
2021,0.378
2022,0.395
2023,0.412
2024,0.430
2025,0.435
2026,0.436
2027,0.436
2028,0.437
2029,0.438
2030,0.439
2031,0.440
2032,0.440
2033,0.442
2034,0.443
2035,0.444
2036,0.445
2037,0.445
2038,0.443
2039,0.441
2040,0.437
2041,0.433
2042,0.430
2043,0.427
2044,0.424
2045,0.421
2046,0.418
2047,0.415
2048,0.412
2049,0.409
2050,0.404
2051,0.398
2052,0.392
2053,0.384
2054,0.377
2055,0.369
2056,0.361
2057,0.350
2058,0.337
2059,0.318
2060,0.298
2061,0.278
2062,0.245
2063,0.200
2064,0.165
2065,0.139
2066,0.110
2067,0.085
2068,0.064
2069,0.041
2070,0.017
2071,0.000
2072,-0.011
2073,-0.022
2074,-0.031
2075,-0.042
2076,-0.053
2077,-0.063
2078,-0.071
2079,-0.076
2080,-0.079
2081,-0.083
2082,-0.087
2083,-0.091
2084,-0.094
2085,-0.097
2086,-0.100
2087,-0.102
2088,-0.104
2089,-0.107
2090,-0.109
2091,-0.110
2092,-0.111
2093,-0.111
2094,-0.112
2095,-0.112
2096,-0.112
2097,-0.112
2098,-0.110
2099,-0.109
2100,-0.107
2101,-0.105
2102,-0.104
2103,-0.103
2104,-0.102
2105,-0.102
2106,-0.102
2107,-0.102
2108,-0.104
2109,-0.105
2110,-0.107
2111,-0.109
2112,-0.110
2113,-0.110
2114,-0.111
2115,-0.111
2116,-0.111
2117,-0.111
2118,-0.112
2119,-0.112
2120,-0.114
2121,-0.117
2122,-0.120
2123,-0.124
2124,-0.128
2125,-0.131
2126,-0.134
2127,-0.137
2128,-0.138
2129,-0.140
2130,-0.140
2131,-0.138
2132,-0.136
2133,-0.133
2134,-0.130
2135,-0.126
2136,-0.122
2137,-0.117
2138,-0.112
2139,-0.107
2140,-0.101
2141,-0.094
2142,-0.088
2143,-0.082
2144,-0.073
2145,-0.053
2146,-0.034
2147,-0.026
2148,-0.022
2149,-0.019
2150,-0.016
2151,-0.012
2152,-0.008
2153,-0.005
2154,-0.004
2155,-0.008
2156,-0.019
2157,-0.034
2158,-0.049
2159,-0.062
2160,-0.075
2161,-0.089
2162,-0.103
2163,-0.115
2164,-0.127
2165,-0.138
2166,-0.146
2167,-0.153
2168,-0.158
2169,-0.164
2170,-0.171
2171,-0.177
2172,-0.184
2173,-0.190
2174,-0.195
2175,-0.197
2176,-0.198
2177,-0.197
2178,-0.196
2179,-0.194
2180,-0.191
2181,-0.185
2182,-0.178
2183,-0.171
2184,-0.164
2185,-0.155
2186,-0.135
2187,-0.078
2188,0.033
2189,0.149
2190,0.259
2191,0.351
2192,0.384
2193,0.385
2194,0.354
2195,0.267
2196,0.113
2197,-0.068
2198,-0.253
2199,-0.426
2200,-0.575
2201,-0.661
2202,-0.693
2203,-0.690
2204,-0.652
2205,-0.595
2206,-0.519
2207,-0.443
2208,-0.370
2209,-0.313
2210,-0.270
2211,-0.229
2212,-0.209
2213,-0.197
2214,-0.188
2215,-0.180
2216,-0.174
2217,-0.169
2218,-0.164
2219,-0.159
2220,-0.153
2221,-0.149
2222,-0.145
2223,-0.140
2224,-0.135
2225,-0.130
2226,-0.124
2227,-0.119
2228,-0.111
2229,-0.102
2230,-0.093
2231,-0.083
2232,-0.072
2233,-0.062
2234,-0.053
2235,-0.045
2236,-0.037
2237,-0.030
2238,-0.023
2239,-0.017
2240,-0.012
2241,-0.007
2242,-0.002
2243,0.003
2244,0.009
2245,0.016
2246,0.023
2247,0.030
2248,0.039
2249,0.050
2250,0.062
2251,0.075
2252,0.089
2253,0.102
2254,0.114
2255,0.122
2256,0.130
2257,0.137
2258,0.144
2259,0.150
2260,0.155
2261,0.159
2262,0.164
2263,0.168
2264,0.170
2265,0.171
2266,0.170
2267,0.170
2268,0.168
2269,0.164
2270,0.160
2271,0.154
2272,0.147
2273,0.139
2274,0.130
2275,0.121
2276,0.106
2277,0.069
2278,0.030
2279,0.003
2280,-0.015
2281,-0.031
2282,-0.044
2283,-0.057
2284,-0.067
2285,-0.077
2286,-0.087
2287,-0.097
2288,-0.105
2289,-0.112
2290,-0.117
2291,-0.121
2292,-0.123
2293,-0.123
2294,-0.123
2295,-0.123
2296,-0.124
2297,-0.125
2298,-0.126
2299,-0.127
2300,-0.128
2301,-0.129
2302,-0.130
2303,-0.130
2304,-0.130
2305,-0.128
2306,-0.125
2307,-0.122
2308,-0.119
2309,-0.117
2310,-0.115
2311,-0.115
2312,-0.114
2313,-0.114
2314,-0.113
2315,-0.114
2316,-0.115
2317,-0.116
2318,-0.116
2319,-0.115
2320,-0.114
2321,-0.112
2322,-0.111
2323,-0.111
2324,-0.111
2325,-0.111
2326,-0.111
2327,-0.112
2328,-0.114
2329,-0.116
2330,-0.119
2331,-0.122
2332,-0.124
2333,-0.125
2334,-0.125
2335,-0.125
2336,-0.126
2337,-0.126
2338,-0.126
2339,-0.125
2340,-0.124
2341,-0.124
2342,-0.125
2343,-0.125
2344,-0.125
2345,-0.124
2346,-0.121
2347,-0.118
2348,-0.114
2349,-0.110
2350,-0.106
2351,-0.101
2352,-0.097
2353,-0.092
2354,-0.088
2355,-0.085
2356,-0.082
2357,-0.077
2358,-0.071
2359,-0.064
2360,-0.057
2361,-0.050
2362,-0.044
2363,-0.039
2364,-0.036
2365,-0.036
2366,-0.037
2367,-0.041
2368,-0.047
2369,-0.053
2370,-0.061
2371,-0.068
2372,-0.076
2373,-0.084
2374,-0.092
2375,-0.102
2376,-0.111
2377,-0.119
2378,-0.127
2379,-0.135
2380,-0.144
2381,-0.151
2382,-0.157
2383,-0.163
2384,-0.170
2385,-0.177
2386,-0.183
2387,-0.189
2388,-0.193
2389,-0.195
2390,-0.196
2391,-0.195
2392,-0.194
2393,-0.191
2394,-0.186
2395,-0.178
2396,-0.169
2397,-0.159
2398,-0.147
2399,-0.133
2400,-0.099
2401,-0.027
2402,0.087
2403,0.207
2404,0.322
2405,0.401
2406,0.431
2407,0.432
2408,0.399
2409,0.306
2410,0.159
2411,-0.023
2412,-0.218
2413,-0.395
2414,-0.535
2415,-0.595
2416,-0.618
2417,-0.617
2418,-0.588
2419,-0.506
2420,-0.422
2421,-0.330
2422,-0.267
2423,-0.215
2424,-0.183
2425,-0.155
2426,-0.132
2427,-0.112
2428,-0.095
2429,-0.081
2430,-0.066
2431,-0.050
2432,-0.034
2433,-0.021
2434,-0.010
2435,-0.001
2436,0.007
2437,0.017
2438,0.026
2439,0.036
2440,0.046
2441,0.054
2442,0.062
2443,0.069
2444,0.076
2445,0.083
2446,0.090
2447,0.096
2448,0.102
2449,0.109
2450,0.116
2451,0.123
2452,0.131
2453,0.140
2454,0.148
2455,0.158
2456,0.168
2457,0.180
2458,0.191
2459,0.202
2460,0.213
2461,0.224
2462,0.234
2463,0.245
2464,0.256
2465,0.267
2466,0.277
2467,0.286
2468,0.294
2469,0.301
2470,0.308
2471,0.314
2472,0.320
2473,0.324
2474,0.329
2475,0.334
2476,0.339
2477,0.344
2478,0.347
2479,0.349
2480,0.349
2481,0.347
2482,0.344
2483,0.340
2484,0.334
2485,0.325
2486,0.316
2487,0.305
2488,0.290
2489,0.264
2490,0.240
2491,0.219
2492,0.193
2493,0.163
2494,0.124
2495,0.098
2496,0.081
2497,0.067
2498,0.054
2499,0.040
2500,0.027
2501,0.017
2502,0.013
2503,0.010
2504,0.008
2505,0.005
2506,0.002
2507,0.000
2508,-0.003
2509,-0.005
2510,-0.007
2511,-0.010
2512,-0.012
2513,-0.015
2514,-0.018
2515,-0.020
2516,-0.022
2517,-0.023
2518,-0.025
2519,-0.026
2520,-0.027
2521,-0.028
2522,-0.028
2523,-0.028
2524,-0.028
2525,-0.029
2526,-0.029
2527,-0.030
2528,-0.030
2529,-0.030
2530,-0.030
2531,-0.031
2532,-0.032
2533,-0.033
2534,-0.034
2535,-0.035
2536,-0.036
2537,-0.037
2538,-0.037
2539,-0.037
2540,-0.037
2541,-0.038
2542,-0.038
2543,-0.039
2544,-0.041
2545,-0.043
2546,-0.046
2547,-0.049
2548,-0.051
2549,-0.054
2550,-0.056
2551,-0.059
2552,-0.061
2553,-0.062
2554,-0.063
2555,-0.063
2556,-0.064
2557,-0.064
2558,-0.064
2559,-0.064
2560,-0.063
2561,-0.062
2562,-0.060
2563,-0.057
2564,-0.053
2565,-0.049
2566,-0.044
2567,-0.039
2568,-0.033
2569,-0.028
2570,-0.022
2571,-0.017
2572,-0.012
2573,-0.008
2574,-0.003
2575,0.003
2576,0.010
2577,0.018
2578,0.025
2579,0.030
2580,0.032
2581,0.031
2582,0.025
2583,0.016
2584,0.005
2585,-0.007
2586,-0.021
2587,-0.034
2588,-0.049
2589,-0.066
2590,-0.082
2591,-0.094
2592,-0.105
2593,-0.114
2594,-0.122
2595,-0.129
2596,-0.135
2597,-0.140
2598,-0.145
2599,-0.150
2600,-0.155
2601,-0.160
2602,-0.165
2603,-0.168
2604,-0.169
2605,-0.169
2606,-0.169
2607,-0.168
2608,-0.167
2609,-0.164
2610,-0.160
2611,-0.154
2612,-0.148
2613,-0.140
2614,-0.131
2615,-0.090
2616,-0.008
2617,0.104
2618,0.249
2619,0.408
2620,0.552
2621,0.618
2622,0.610
2623,0.504
2624,0.281
2625,-0.011
2626,-0.321
2627,-0.594
2628,-0.783
2629,-0.849
2630,-0.847
2631,-0.773
2632,-0.655
2633,-0.530
2634,-0.414
2635,-0.314
2636,-0.247
2637,-0.208
2638,-0.191
2639,-0.179
2640,-0.170
2641,-0.161
2642,-0.153
2643,-0.145
2644,-0.138
2645,-0.132
2646,-0.125
2647,-0.116
2648,-0.103
2649,-0.081
2650,-0.059
2651,-0.037
2652,-0.024
2653,-0.014
2654,-0.006
2655,0.001
2656,0.009
2657,0.018
2658,0.025
2659,0.031
2660,0.037
2661,0.044
2662,0.053
2663,0.067
2664,0.088
2665,0.109
2666,0.131
2667,0.149
2668,0.164
2669,0.178
2670,0.192
2671,0.208
2672,0.222
2673,0.232
2674,0.241
2675,0.250
2676,0.257
2677,0.264
2678,0.270
2679,0.276
2680,0.282
2681,0.287
2682,0.292
2683,0.296
2684,0.300
2685,0.303
2686,0.306
2687,0.310
2688,0.314
2689,0.318
2690,0.322
2691,0.324
2692,0.326
2693,0.326
2694,0.325
2695,0.321
2696,0.315
2697,0.308
2698,0.299
2699,0.289
2700,0.278
2701,0.266
2702,0.248
2703,0.229
2704,0.213
2705,0.199
2706,0.184
2707,0.163
2708,0.133
2709,0.095
2710,0.067
2711,0.048
2712,0.032
2713,0.019
2714,0.006
2715,-0.003
2716,-0.008
2717,-0.012
2718,-0.016
2719,-0.020
2720,-0.023
2721,-0.027
2722,-0.031
2723,-0.034
2724,-0.037
2725,-0.040
2726,-0.043
2727,-0.045
2728,-0.045
2729,-0.045
2730,-0.044
2731,-0.044
2732,-0.043
2733,-0.042
2734,-0.040
2735,-0.038
2736,-0.036
2737,-0.036
2738,-0.036
2739,-0.037
2740,-0.037
2741,-0.038
2742,-0.038
2743,-0.038
2744,-0.039
2745,-0.039
2746,-0.039
2747,-0.038
2748,-0.037
2749,-0.037
2750,-0.037
2751,-0.038
2752,-0.040
2753,-0.042
2754,-0.044
2755,-0.047
2756,-0.051
2757,-0.056
2758,-0.062
2759,-0.068
2760,-0.072
2761,-0.075
2762,-0.077
2763,-0.079
2764,-0.081
2765,-0.083
2766,-0.084
2767,-0.085
2768,-0.085
2769,-0.085
2770,-0.086
2771,-0.086
2772,-0.087
2773,-0.087
2774,-0.086
2775,-0.085
2776,-0.084
2777,-0.082
2778,-0.080
2779,-0.078
2780,-0.075
2781,-0.071
2782,-0.068
2783,-0.065
2784,-0.061
2785,-0.058
2786,-0.056
2787,-0.054
2788,-0.053
2789,-0.052
2790,-0.053
2791,-0.054
2792,-0.055
2793,-0.058
2794,-0.061
2795,-0.064
2796,-0.068
2797,-0.072
2798,-0.075
2799,-0.078
2800,-0.082
2801,-0.088
2802,-0.094
2803,-0.101
2804,-0.109
2805,-0.116
2806,-0.124
2807,-0.133
2808,-0.141
2809,-0.149
2810,-0.156
2811,-0.162
2812,-0.166
2813,-0.170
2814,-0.173
2815,-0.174
2816,-0.175
2817,-0.175
2818,-0.175
2819,-0.175
2820,-0.175
2821,-0.177
2822,-0.178
2823,-0.179
2824,-0.183
2825,-0.190
2826,-0.187
2827,-0.156
2828,-0.073
2829,0.049
2830,0.203
2831,0.367
2832,0.517
2833,0.613
2834,0.613
2835,0.518
2836,0.276
2837,-0.040
2838,-0.368
2839,-0.643
2840,-0.825
2841,-0.895
2842,-0.896
2843,-0.829
2844,-0.703
2845,-0.570
2846,-0.451
2847,-0.344
2848,-0.272
2849,-0.223
2850,-0.198
2851,-0.180
2852,-0.167
2853,-0.154
2854,-0.145
2855,-0.136
2856,-0.127
2857,-0.118
2858,-0.109
2859,-0.099
2860,-0.087
2861,-0.073
2862,-0.061
2863,-0.054
2864,-0.049
2865,-0.044
2866,-0.040
2867,-0.036
2868,-0.032
2869,-0.029
2870,-0.025
2871,-0.021
2872,-0.018
2873,-0.014
2874,-0.010
2875,-0.006
2876,-0.004
2877,-0.003
2878,-0.001
2879,0.001
2880,0.004
2881,0.007
2882,0.012
2883,0.019
2884,0.028
2885,0.046
2886,0.067
2887,0.091
2888,0.115
2889,0.130
2890,0.142
2891,0.153
2892,0.163
2893,0.171
2894,0.176
2895,0.182
2896,0.186
2897,0.191
2898,0.195
2899,0.198
2900,0.203
2901,0.206
2902,0.209
2903,0.214
2904,0.220
2905,0.226
2906,0.229
2907,0.230
2908,0.227
2909,0.220
2910,0.209
2911,0.197
2912,0.183
2913,0.165
2914,0.136
2915,0.112
2916,0.092
2917,0.071
2918,0.050
2919,0.029
2920,0.009
2921,-0.010
2922,-0.030
2923,-0.049
2924,-0.067
2925,-0.090
2926,-0.115
2927,-0.130
2928,-0.135
2929,-0.138
2930,-0.141
2931,-0.145
2932,-0.148
2933,-0.151
2934,-0.153
2935,-0.154
2936,-0.155
2937,-0.155
2938,-0.155
2939,-0.155
2940,-0.154
2941,-0.150
2942,-0.147
2943,-0.144
2944,-0.141
2945,-0.139
2946,-0.136
2947,-0.134
2948,-0.132
2949,-0.130
2950,-0.128
2951,-0.128
2952,-0.127
2953,-0.125
2954,-0.122
2955,-0.119
2956,-0.116
2957,-0.114
2958,-0.113
2959,-0.111
2960,-0.109
2961,-0.107
2962,-0.106
2963,-0.106
2964,-0.107
2965,-0.108
2966,-0.110
2967,-0.111
2968,-0.111
2969,-0.113
2970,-0.114
2971,-0.115
2972,-0.116
2973,-0.116
2974,-0.116
2975,-0.116
2976,-0.116
2977,-0.117
2978,-0.118
2979,-0.119
2980,-0.120
2981,-0.122
2982,-0.123
2983,-0.125
2984,-0.126
2985,-0.125
2986,-0.124
2987,-0.121
2988,-0.118
2989,-0.115
2990,-0.111
2991,-0.107
2992,-0.103
2993,-0.098
2994,-0.094
2995,-0.090
2996,-0.086
2997,-0.083
2998,-0.077
2999,-0.070
